{
  "canisters": {
    "hello_backend": {
      "main": "src/hello_backend/main.mo",
      "type": "motoko"
    },
    "hello_frontend": {
      "dependencies": [
        "hello_backend"
      ],
      "frontend": {
        "entrypoint": "src/hello_frontend/src/index.html"
      },
      "source": [
        "src/hello_frontend/assets",
        "dist/hello_frontend/"
      ],
      "type": "assets"
    }
  },
  "defaults": {
    "build": {
      "args": "",
      "packtool": ""
    }
  },
  "output_env_file": ".env",
  "version": 1
}